client_id,name,dob,region
ACME-00001,Hiro Eze,1946-07-14,APAC
ACME-00002,Bao Almeida,1962-11-19,NA
ACME-00003,Esma Dvořák,1971-09-18,EU
ACME-00004,Daria Eze,1941-09-08,EU
ACME-00005,Bao Dvořák,1962-09-09,EU
ACME-00006,Bao Dvořák,1947-09-01,NA
ACME-00007,Hiro Almeida,1948-04-07,APAC
ACME-00008,Gita Eze,1941-05-11,NA
ACME-00009,Bao Brennan,1999-05-26,APAC
ACME-00010,Caleb Brennan,1959-08-21,LATAM
ACME-00011,Esma Castellanos,1970-10-03,LATAM
ACME-00012,Hiro Castellanos,1951-05-14,NA
ACME-00013,Ana Castellanos,1953-01-20,EU
ACME-00014,Ana Eze,1989-12-05,APAC
ACME-00015,Farid Castellanos,1990-10-05,NA
ACME-00016,Caleb Fernández,1942-03-27,EU
ACME-00017,Gita Fernández,1990-02-06,EU
ACME-00018,Daria Dvořák,1969-08-26,NA
ACME-00019,Gita Fernández,1943-04-23,APAC
ACME-00020,Ana Castellanos,1994-03-06,LATAM
ACME-00021,Gita Brennan,1957-12-27,APAC
ACME-00022,Gita Castellanos,1998-01-22,NA
ACME-00023,Farid Castellanos,1946-07-04,APAC
ACME-00024,Farid Brennan,1972-03-19,NA
ACME-00025,Daria Fernández,1991-03-27,LATAM
ACME-00026,Ana Eze,1972-02-07,EU
ACME-00027,Caleb Almeida,1965-10-14,APAC
ACME-00028,Caleb Dvořák,1983-05-15,APAC
ACME-00029,Caleb Eze,1957-06-20,LATAM
ACME-00030,Gita Eze,1967-10-04,APAC
ACME-00031,Farid Fernández,1946-09-10,EU
ACME-00032,Esma Dvořák,2002-01-12,NA
ACME-00033,Bao Almeida,1964-07-01,LATAM
ACME-00034,Esma Castellanos,1953-11-24,APAC
ACME-00035,Bao Almeida,1975-08-10,EU
ACME-00036,Gita Dvořák,1953-01-08,EU
ACME-00037,Ana Eze,1942-04-02,EU
ACME-00038,Farid Eze,1988-05-01,NA
ACME-00039,Farid Castellanos,1998-10-25,NA
ACME-00040,Bao Fernández,1971-04-06,APAC
ACME-00041,Bao Dvořák,1983-12-16,LATAM
ACME-00042,Daria Dvořák,1964-09-25,NA
ACME-00043,Gita Dvořák,1976-01-13,NA
ACME-00044,Bao Eze,1952-09-04,NA
ACME-00045,Daria Almeida,1973-09-05,APAC
ACME-00046,Ana Brennan,1989-06-11,APAC
ACME-00047,Bao Almeida,1945-12-10,APAC
ACME-00048,Daria Eze,1976-09-12,EU
ACME-00049,Gita Castellanos,1984-06-23,EU
ACME-00050,Hiro Dvořák,1940-06-08,NA
ACME-00051,Farid Eze,1983-07-14,LATAM
ACME-00052,Hiro Brennan,1995-09-22,NA
ACME-00053,Daria Castellanos,1958-11-18,NA
ACME-00054,Gita Almeida,1991-02-04,NA
ACME-00055,Farid Castellanos,1954-03-13,APAC
ACME-00056,Esma Eze,1960-11-04,EU
ACME-00057,Hiro Fernández,1954-10-07,LATAM
ACME-00058,Gita Brennan,1973-03-10,NA
ACME-00059,Daria Eze,1978-09-25,EU
ACME-00060,Bao Almeida,1964-05-14,NA
ACME-00061,Daria Castellanos,2002-05-20,NA
ACME-00062,Hiro Dvořák,1957-11-19,LATAM
ACME-00063,Esma Almeida,1941-09-01,LATAM
ACME-00064,Ana Brennan,1974-02-06,LATAM
ACME-00065,Daria Dvořák,1996-01-14,LATAM
ACME-00066,Daria Dvořák,1977-01-18,EU
ACME-00067,Gita Almeida,1962-06-02,LATAM
ACME-00068,Hiro Fernández,1972-05-27,LATAM
ACME-00069,Esma Almeida,1997-02-25,LATAM
ACME-00070,Caleb Castellanos,1963-10-05,NA
ACME-00071,Ana Fernández,1958-06-02,APAC
ACME-00072,Esma Eze,1952-11-04,NA
ACME-00073,Hiro Castellanos,1979-02-17,LATAM
ACME-00074,Caleb Dvořák,1941-12-13,NA
ACME-00075,Caleb Almeida,1950-06-04,EU
ACME-00076,Daria Eze,2003-02-15,APAC
ACME-00077,Hiro Brennan,2002-01-09,APAC
ACME-00078,Bao Dvořák,1980-12-05,LATAM
ACME-00079,Farid Castellanos,1983-02-06,APAC
ACME-00080,Farid Eze,2005-04-07,APAC
ACME-00081,Esma Dvořák,1999-07-27,NA
ACME-00082,Esma Almeida,1968-09-20,APAC
ACME-00083,Esma Castellanos,2001-12-03,APAC
ACME-00084,Daria Brennan,1991-03-01,APAC
ACME-00085,Farid Castellanos,1998-02-13,APAC
ACME-00086,Gita Castellanos,1983-06-18,NA
ACME-00087,Hiro Eze,1998-12-15,EU
ACME-00088,Bao Dvořák,1943-05-27,EU
ACME-00089,Caleb Brennan,1966-02-26,EU
ACME-00090,Gita Fernández,1941-06-24,NA
ACME-00091,Hiro Eze,1946-03-27,EU
ACME-00092,Bao Castellanos,1975-11-14,LATAM
ACME-00093,Gita Eze,1953-06-04,LATAM
ACME-00094,Daria Eze,1954-02-13,APAC
ACME-00095,Daria Castellanos,1973-12-12,LATAM
ACME-00096,Caleb Castellanos,1972-07-20,NA
ACME-00097,Bao Fernández,1980-07-14,APAC
ACME-00098,Hiro Dvořák,1999-01-11,APAC
ACME-00099,Ana Castellanos,1940-04-16,LATAM
ACME-00100,Daria Brennan,1994-01-11,EU
